;;;;;;;33667;;;;;;
Dato;Tid best.;Rute nr.;Når;Inn/ut;Fra;Til;Antall;Crew;Buss på plass;Buss ferdig;Buss nr.;Ok;Annet
01-Jul;06:35;WF150;06:55;inn;3;innland;8;x;06:55;07:15;7;x;
01-Jul;06:35;WF102;07:40;ut;14;3;29;x;07:30;07:53;7;x;
01-Jul;09:20;WF406;09:40;inn;23;innland;68;;09:37;10:00;2 og 5;x;
01-Jul;10:00;QY3164;10:15;inn;8;innland;2;x;10:00;10:00;2;x;
01-Jul;10:30;WF393;10:52;inn;20;22;41;x;10:30;11:05;5;x;
01-Jul;12:20;WF105;12:37;inn;3;innland;19;x;12:37;12:54;2;x;
01-Jul;12:20;WF170;13:25;ut;14;3;19;x;13:14;13:44;2;x;
01-Jul;13:00;WF455;13:30;inn;41;NF;62;x;13:30;13:55;7;x;
01-Jul;12:20;WF570;12:50;ut;13;5;75;x;13:30;13:55;5;x;
01-Jul;13:15;KL1167;13:20;inn;28;utland;5;x;13:20;13:20;5;x;rullestoler
01-Jul;14:20;WF1859;15:20;inn;5;utland;76;x;15:15;15:35;2 og 7;x;
01-Jul;14:25;WF206;15:15;Ut;30;41;76;x;15:10;15:45;5 og 2;x;Maskinbytte etter at boarding var startet... !!!!!!!!
01-Jul;15:05;WF373;15:36;Inn;20;22;97;x;15:25;15:55;7 og 2;x;
01-Jul;17:40;QY3165;18:00;Ut;14;8;;x;17:57;18:00;2;x;
01-Jul;18:20;WF158;19:00;Inn;41;Innland;31;;18:25;19:08;2;x;
01-Jul;18:45;WF115;19:14;Inn;3;Innland;20;x;19:09;19:29;2;x;
01-Jul;19:04;WF398;ASAP;Ut;23;31;71;x;19:05;19:33;5;x;Maskibytte klokken 19:04
01-Jul;19:15;WF159;20:00;Ut;14;4;18;x;19:35;20:48;2;x;
01-Jul;21:50;WF577;22:25;Inn;23;Innland;23;x;22:07;22:37;2;x;
02-Jul;06:09;WF405;07:10;UT;13;23;39;;06:53;07:28;7;X;
02-Jul;06:09;WF102;07:35;UT;33;41;21;;07:29;07:56;5;X;
02-Jul;09:26;QY3164;10:05;INN;8;INNLAND;0;X;10:03;10:15;2;X;
02-Jul;12:22;WF105;12:45;INN;3;INNLAND;20;X;12:44;12:58;7;X;
02-Jul;12:24;WF455;13:00;INN;9;INNLAND;71;X;12:52;13:22;2 OG 7;X;
02-Jul;12:38;WF163;13:15;INN;4;INNLAND;39;;12:54;13:26;5;X;
02-Jul;12:38;WF106;13:20;UT;14;4;23;;13:23;13:32;5;X;
02-Jul;13:02;WF1306;13:35;INN;24;INNLAND;77;;13:34;13:48;2 OG 5;X;
02-Jul;12:39;WF170;13:20;UT;13;3;35;X;13:14;13:46;7;X;
02-Jul;13:48;WF1011;14:30;UT;14;9;72;X;14:23;14:58;2 OG 5;X;
02-Jul;;WF206;15:15;UT;24;18;74;;15:20;15:48;2&7;X;
02-Jul;15:45;WF111;16:00;INN;3;INNLAND;27;X;15:50;16:17;7;X;
02-Jul;;WF571;16:15;INN;9;INNLAND;61;X;16:05;16:35;2;X;
02-Jul;;WF418;16:20;INN;5;INNLAND;58;X;16:10;16:39;5;X;
02-Jul;;WF514;16:30;UT;14;5;68;X;16:25;17:00;2&5;X;
02-Jul;16:45;WF283;17:15;INN;7;UTLAND;69;X;17:00;17:39;5&7;X;
02-Jul;;WF398;17:40;UT;23;7;37;X;17:40;18:19;2;X;
02-Jul;18:00;WF158;19:05;INN;3;INNLAND;26;X;18:20;19:15;2;X;
02-Jul;19:00;WF540;19:20;INN;5;INNLAND;67;X;19:15;19:35;2;X;
02-Jul;20:40;PRIVAT;21:00;INN;GA2;PORT 5;5;;20:55;21:05;5;X;
02-Jul;;WF399;21:15;INN;15;22;27;X;20:55;21:32;2;X;
02-Jul;21:10;WF427;21:15;UT;32;5;67;;21:17;21:33;2;X;buss litt sen.kø i brannbod
02-Jul;21:35;WF577;22:10;INN;9;INNLAND;35;X;21:53;22:21;2;X;
03-Jul;07:15;SK238;ASAP;INN;6;14;108;;07:26;07:50;2 OG 7;X;
03-Jul;09:28;WF406;09:55;INN;23;INNLAND;48;;09:40;10:09;5;X;
03-Jul;09:40;WF603;10:15;INN;31;NF;61;;10:10;10:25;5;X;
03-Jul;09:41;QY3164;09:54;INN;8;INNLAND;0;X;09:55;10:00;5;X;
03-Jul;10:21;WF393;11:00;INN;17;22;57;X;10:46;11:23;2;X;
03-Jul;12:02;LH872;12:45;INN;29;UTLAND;;;12:41;13:15;7;X;WCHR 7
03-Jul;12:30;WF105;12:55;INN;3;INNLAND;22;X;12:48;13:10;2;X;
03-Jul;12:30;WF414;13:00;INN;9;INNLAND;53;X;12:53;13:18;5;X;
03-Jul;12:46;WF163;13:10;INN;4;INNLAND;34;;13:10;13:30;2;X;
03-Jul;12:46;WF106;13:30;UT;14;4;18;X;13:30;13:36;2;X;
03-Jul;13:42;DY612;14:10;INN;16;INNLAND;;;14:12;14:30;5;X;10 WCHR
03-Jul;13:19;WF170;13:20;UT;13;3;29;X;13:20;13:40;7;X;
03-Jul;13:41;WF283;13:55;INN;32;UTLAND;71;;13:45;14:14;2;X;
03-Jul;13:44;WF1011;14:30;UT;14;9;63;X;14:20;15:00;2&5;X;
03-Jul;15:15;WF373;15:50;INN;15;22;105;X;15:41;15:58;2&5;X;
03-Jul;16:00;WF1365;16:35;INN;24;30;77;;16:25;16:44;2&5;X;
03-Jul;18:45;WF158;19:05;INN;41;NF;29;;19:03;19:14;7;X;
03-Jul;;WF115;19:10;INN;4;INNLAND;28;X;19:08;19:26;2;X;
03-Jul;;WF1312;19:40;INN;5;INNLAND;78;X;19:30;20:00;2&7;X;
03-Jul;19:15;WF159;20:00;UT;34;41;34;X;19:55;20:16;5;X;
03-Jul;20:35;WF399;21:05;INN;15;22;31;X;20:35;21:28;2;X;
04-Jul;05:30;SK238;05:50;Ut;32;6;120;x;05:50;07:22;5 og 7;x;Maskinbytte, buss til 6, TEKNISK, og buss tilbake til 32......
04-Jul;06:10;DY1030;06:30;Ut;30;23;182;;06:25;06:55;2;x;
04-Jul;06:45;WF405;07:10;Ut;34;43;60;x;06:58;07:35;2;x;
04-Jul;07:45;WF151;08:40;Ut;14;4;14;x;08:30;08:58;7;x;
04-Jul;09:15;SK9233;09:30;Ut;14;6;;x;09:28;09:34;7;x;
04-Jul;09:20;QY3164;10:15;Inn;8;Innland;;x;10:00;10:19;5;x;
04-Jul;10:20;WF393;11:05;Inn;20;22;47;x;10:52;11:21;2;x;
04-Jul;12:35;WF163;13:10;Inn;41;NF;36;;12:57;13:22;7;x;
04-Jul;12:40;WF569;13:25;Inn;4;Innland;35;x;12:55;13:37;2;x;
04-Jul;12:45;WF106;ASAP;Ut;34;41;18;;13:22;13:39;7;x;WGH kom i gate 34 10 minutter før STD !!
04-Jul;12:55;DY104;13:40;Ut;14;23;180;;13:25;14:00;5,2 og 7;x;Inn som DY1317 som parkerte på 23 klokken 13:31. (178 pax inn) 
04-Jul;13:30;WF1011;14:30;Ut;14;4;38;x;14:02;14:45;5 og 2;x;
04-Jul;15:55;WF1012;16:21;inn;3;innland;35;x;16:18;16:30;5;x;
04-Jul;15:55;WF4184;16:47;inn;25;innland;851;;16:40;17:00;2 ogb 5;;
04-Jul;15:55;WF591;16:35;ut;34;41;77;x;16:25;16:26;7;x;
04-Jul;17:30;DY624;18:04;inn;23;innland;178;;18:00;18:18;2,5 og 7;x;
04-Jul;18:40;WF592;19:04;inn;9;innland;58;x;18:58;19:35;7;x;
04-Jul;18:40;WF459;19:08;inn;5;innland;58;x;19:02;19:29;2;x;
04-Jul;18:40;WF115;19:03;inn;4;innland;23;x;19:00;19:29;5;x;
04-Jul;18:05;QY3165;18:05;inn;14;8;2;x;18:05;18:05;5;x;
04-Jul;19:30;DY8519;20:13;inn;23;utland;108;x;20:00;20:30;2 og 5;x;
04-Jul;22:05;wf16:07;23:12;inn;7;utland;69;X;22:57;23:44;2;X;
05-Jul;05:00;WF1856;05:30;Ut;44;8;110;x;05:36;06:19;5;x;Crew fra NF
05-Jul;06:10;DY1420;06:25;Ut;45;20;185;x;06:20;06:56;5;x;
05-Jul;06:45;WF392;07:25;Ut;24;17;50;x;07:01;07:48;5;x;
05-Jul;08:15;WF372;08:30;Ut;23;7;110;x;08:25;09:07;5 og 7;x;WGH hadde ikke fått med seg tauing av maskinen !
05-Jul;10:20;WF393;11:01;Inn;17;22;49;x;11:00;11:30;2;x;Ventet 12 minutter før WGH vinket fly inn !!!!! Parkert 11:16 !!
05-Jul;11:30;DY617;12:00;Ut;14;23;190;;11:40;12:22;2,5 og 7;x;
05-Jul;13:20;WF373;14:05;Inn;29;22;96;x;13:45;14:15;5 og 7;x;
05-Jul;15:30;WF808;16:05;Inn;4;Innland;32;x;16:00;16:28;2;x;
05-Jul;15:30;WF1013;17:00;ut;14;4;20;x;16:50;17:30;7;x;
05-Jul;17:55;WF207;18:50;Inn;9;utland;71;x;18:32;19:03;2 og 5;x;
05-Jul;20:05;WF1312;20:32;Inn;43;Innland;75;x;20:24;20:46;2 og 5;x;
05-Jul;21:48;WF1316;22:25;inn;9;Innland;70;x;22:15;22:57;2;x;
05-Jul;00:29;WF1417;01:00;inn;5;Innland;53;x;00:42;01:21;7;x;
05-Jul;21:48;SK281;22:19;inn;31;Innland;104;x;21:58;22:57;2;x;
06-Jul;01:21;WF8416;01:30;Inn;41;Innland;0;x;01:25;01:41;7;x;
06-Jul;06:20;WF1868;06:45;Ut;44;16;110;x;06:42;07:22;5 og 7;x;
06-Jul;06:20;WF405;07:15;Ut;33;43;15;x;07:20;07:32;7;x;Sen pga WGH ikke preboardet 110 pax WF
06-Jul;07:00;WF604;08:00;Ut;34;41;75;;07:33;08:20;5 og 7;x;
06-Jul;09:20;WF586;09:57;Inn;41;NF;77;;09:42;10:04;5 og 7;x;
06-Jul;09:20;WF411;10:25;Ut;14;5;60;x;10:05;10:48;7;x;
06-Jul;09:20;WF454;10:40;Ut;13;9;75;x;10:05;11:20;5 og 7;x;
06-Jul;12:35;WF163;12:49;Inn;4;Innland;34;;12:43;13:05;5;x;
06-Jul;12:35;WF1869;13:07;Inn;20;Utland;107;x;12:48;13:25;7 og 5;x;
06-Jul;12:45;WF170;13:25;Ut;14;4;39;;13:20;13:58;7;x;3 pax kom til gate klokken 13:55, fikk være med.
06-Jul;15:25;WF808;16:04;Inn;4;Innland;38;x;15:44;16:13;5;x;
06-Jul;15:40;WF457;16:18;Inn;9;Innland;69;x;15:55;16:40;7;x;
06-Jul;15:55;WF536;16:21;Inn;43;NF;74;x;16:13;16:27;2;x;
06-Jul;16:00;WF514;16:35;Ut;34;41;66;;16:27;17:02;2;x;
06-Jul;16:00;WF458;16:50;Ut;13;9;48;;16:35;17:05;7;x;
06-Jul;16:00;WF612;16:55;Ut;14;23;110;;16:41;17:25;5 og 2;x;WGH kom til gate 14 klokken 17:05 !!!
06-Jul;16:25;WF114;17:20;Ut;14;4;18;x;17:08;17:40;7;x;
06-Jul;18:20;WF158;18:49;inn;4;innland;39;x;18:40;19:04;7;x;
06-Jul;18:50;WF1312;19:25;inn;26;NF;77;;19:05;19:38;7 og 5;x;
06-Jul;18:20;WF159;20:05;ut;14;4;28;x;19:29;20:23;2;x;
06-Jul;21:15;WF117;21:40;inn;4;innland;3;x;21:30;22:00;5;x;
06-Jul;22:10;WF283;23:10;inn;9;utland;69;x;22:59;23:24;9;x;
06-Jul;22:10;WF209;23:25;inn;19;utland;64;x;23:23;23:41;2;x;
07-Jul;06:20;WF150;06:50;Inn;41;NF;10;;06:48;06:58;7;x;
07-Jul;06:30;WF502;07:10;Ut;NF/14;5;51;x;06:53;07:37;5;x;
07-Jul;;WF392;07:25;Ut;24;43;48;x;07:11;07:47;7;x;
07-Jul;;WF102;07:35;Ut;34;41;21;;07:20;07:42;2;x;
07-Jul;;WF151;07:40;Ut;NF/14;4;25;x;07:38;08:10;5;x;
07-Jul;09:10;WF1364;09:50;Ut;NF/14;5;72;x;09:39;10:06;2&5;x;
07-Jul;10:18;WF393;11:00;Inn;15;22;61;;10:45;11:17;5;x;
07-Jul;12:25;WF105;12:40;Inn;4;Innland;22;x;12:26;12:50;2;x;
07-Jul;;WF569;13:10;Inn;43;NF;34;x;12:54;13:22;7;x;
07-Jul;;WF170;13:20;Ut;14;4;30;;12:56;13:40;2;x;
07-Jul;12:55;WF163;13:20;Inn;41;NF;28;;13:10;13:31;5;x;
07-Jul;;WF106;13:25;Ut;34;41;33;;13:31;13:47;5;x;
07-Jul;15:40;WF571;16:06;inn;23;NF;39;x;15:59;16:33;5;x;
07-Jul;15:40;WF607;16:12;inn;5;innland;73;x;16:09;16:40;7;x;
07-Jul;15:40;WF458;16:50;ut;14;9;70;x;16:45;17:09;5;x;
07-Jul;18:05;QY3165;18:05;ut;14;8;2;x;18:05;18:05;5;x;
07-Jul;18:45;WF115;19:07;inn;4;innland;32;;19:00;19:20;2;x;
07-Jul;20:15;WF399;21:05;inn;9;22;24;x;21:00;21:24;5;x;
07-Jul;22:45;DY638;22:35;inn;29;innland;129;;22:20;22:48;2 og 8;x;
08-Jul;06:20;WF582;06:45;Inn;23;NF;48;;06:38;06:55;5;x;
08-Jul;06:20;WF150;06:50;Inn;3;Innland;5;x;06:47;07:05;7;x;
08-Jul;06:55;WF602;07:30;Ut;14;5;80;x;07:10;08:00;5 og 7;x;WGH startet boarding 12 minutter før STD......
08-Jul;07:45;WF151;08:45;Ut;34;41;25;;08:15;08:52;5;x;
08-Jul;09:10;WF406;09:35;Inn;24;NF;44;;09:27;09:46;2;x;
08-Jul;09:15;QY3164;09:50;Inn;8;Innland;;x;09:50;09:58;2;x;
08-Jul;10:25;WF393;11:00;Inn;19;22;54;x;10:45;11:18;7;x;
08-Jul;12:20;WF105;12:38;Inn;3;Innland;30;x;12:25;12:51;5;x;
08-Jul;12:30;N862JM;12:45;Inn;GAF;Heliport;;x;12:37;12:59;4;x;Til heliport for tollkontroll
08-Jul;12:50;WF170;13:25;Ut;14;4;25;;13:00;13:38;5;x;
08-Jul;13:55;LNPFA;12:10;Inn;GA2;Port 5;;x;14:12;14:20;4;x;
08-Jul;;WF1859;15:15;Inn;5;Utland;76;x;14:58;15:31;7;x;
08-Jul;15:00;WF373;15:35;Inn;20;22;100;x;15:23;15:31;5&7;x;
08-Jul;15:34;WF111;15:50;Inn;4;Innland;25;x;15:50;16:03;5;x;
08-Jul;17:05;WF628;ASAP;Ut;15;5;76;x;17:09;17:33;2&5;x;Flybytte
08-Jul;;WF114;17:20;Ut;NF/14;4;28;x;17:15;17:34;7;x;
08-Jul;18:10;WF515;18:45;Inn;23;Innland;35;;18:41;18:55;7;x;
08-Jul;;WF424;;Inn;43;NF;43;x;19:10;19:29;2;x;
08-Jul;;WF115;;Inn;4;Innland;26;x;19:00;19:24;7;x;
08-Jul;19:50;Privat;ASAP;Inn;GA;Port 5;4;;;20:04;4;x;
08-Jul;20:40;WF399;21:05;Inn;5;22;26;x;20:58;21:29;5;x;
09-Jul;06:45;WF583;07:10;Ut;34;43;40;x;06:59;07:34;5;x;
09-Jul;07:35;WF151;08:40;Ut;14;4;18;x;08:25;09:00;5;x;
09-Jul;09:15;WF406;09:47;Inn;24;NF;43;;09:31;09:57;5;x;
09-Jul;09:35;WF103;09:55;Inn;4;Innland;29;;09:45;10:05;7;x;
09-Jul;09:35;WF104;10:15;Ut;14;4;25;;10:15;10:25;5;x;
09-Jul;09:50;QY3164;;Inn;8;Innland;;x;10:33;10:49;5;x;
09-Jul;09:50;DEKPT - DEDKW;10:00;Ut;Port 5;GA2;4;;10:00;10:08;2;x;
09-Jul;10:00;WF1364;ASAP;Ut;34;9 og 16;79;x;10:01;10:24;7 og 2;x;Crew først kjør til stand 9, så tilbake til stand 16. Maskinbytte 2 ganger.
09-Jul;10:10;WF411;10:25;Ut;13;9;68;x;10:27;10:50;5 og 7;x;Maskinbytte klokken 10:10
09-Jul;10:20;WF393;10:55;Inn;19;22;39;x;10:50;12:10;2;x;
09-Jul;11:50;WF605;12:25;Inn;9;Innland;66;x;12:00;12:47;5;x;
09-Jul;12:25;WF588;13:00;Inn;43;NF;62;;12:50;13:14;2;x;
09-Jul;12:30;WF414;13:07;Inn;24;NF;65;;12:50;13:15;5;x;
09-Jul;12:30;WF1311;13:05;Ut;14;5;76;x;12:50;13:28;7 og 2;x;
09-Jul;13:00;WF535;13:35;Ut;34;41;76;;13:15;13:56;5 og 2;x;
09-Jul;13:45;FI335;14:20;Inn;26;Utland;6;;14:05;14:36;2;x;Assistanser
09-Jul;14:15;WF206;15:15;Ut;44;9;79;x;15:10;15:42;5 og 7;x;
09-Jul;15:40;WF111;16:00;Inn ;4;Innland;22;x;15:41;16:19;7;x;
09-Jul;15:44;WF1869;16:15;Inn ;20;Utland;108;;16:10;16:35;5;x;
09-Jul;15:50;WF418;16:25;Inn ;23;Innland;54;;16:25;16:45;2;x;
09-Jul;;WF283;17:00;Inn ;9;Utland;54;x;16:40;17:18;5;x;Buss 2 tar crew
09-Jul;16:10;WF1012;16:15;Inn;43;NF;50;x;16:14;16:26;2;x;
09-Jul;16:25;WF458;16:45;Ut;34;41;72;;16:35;17:04;7;x;
09-Jul;;WF114;17:20;Ut;NF/14;4;30;x;17:05;17:40;7;x;
09-Jul;18:24;WF158;18:50;Inn;4;Innland;23;x;18:50;19:04;5;x;
09-Jul;19:02;WF424;19:15;Inn;41;nf;41;;19:06;19:26;5;x;
09-Jul;21:00;WF399;21:25;inn ;15;22;26;x;21:17;21:41;2;x;
09-Jul;21:18;WF549;22:50;ut;nf/14;43;36;x;22:49;23:09;2;x;
10-Jul;06:25;WF502;07:15;ut;34;41;47;;07:03;07:30;7;x;
10-Jul;07:30;WF151;08:45;ut;14;3;17;x;08:38;09:06;5;x;
10-Jul;08:15;N862JM;08:15;ut;Port 5;GA;2;x;08:45;08:45;4;x;
10-Jul;08:55;WF563;09:35;inn;5;Innland;42;x;09:30;09:49;5;x;
10-Jul;09:30;WF406;09:41;inn;23;NF;62;;09:30;09:59;2;x;
10-Jul;09:59;WF393;11:00;inn;20;22;42;x;11:00;11:13;2;x;
10-Jul;10:25;QY3164;10:25;inn;8;Innland;2;x;10:25;10:25;5;x;
10-Jul;11:20;AF1252;11:30;inn;27;Utland;5;;11:20;11:45;5;x;trullestoler
10-Jul;12:25;WF105;12:43;inn;3;Innland;10;x;12:35;13:00;7;x;
10-Jul;12:25;WF170;13:25;ut;14;3;36;x;13:13;13:43;5;x;
10-Jul;12:55;WF283;13:55;inn;20;Utland;74;;13:43;14:14;5 og 2;x;
10-Jul;12:40;WF569;13:20;inn;9;Innland;44;;13:10;13:40;2;x;
10-Jul;12:40;WF535;13:35;ut;13;9;77;;13:40;14:23;2;x;
10-Jul;15:25;WF373;15:50;Inn;20;22;97;;15:45;16:10;5&7;x;
10-Jul;;WF571;16:10;Inn;23;30;47;;16:10;16:21;7;x;
10-Jul;18:15;WF158;18:45;Inn;4;Innland;26;x;18:40;18:57;2;x;
10-Jul;;WF515;19:00;Inn;41;NF;40;;18:53;19:24;7;x;
10-Jul;;WF540;19:10;Inn;9;Innland;51;x;19:10;19:27;5;x;
11-Jul;05:26;WF8417;05:35;ut;nf;5;;x;05:30;05:34;4;x;pos.flight - kun crew
11-Jul;06:00;WF392;07:30;ut;25;9;34;x;07:20;07:53;5;x;
11-Jul;07:00;WF102;07:35;ut;14;4;25;x;07:30;07:53;7;x;
11-Jul;09:30;WF103;10:00;inn;4;Innland;21;x;09:30;10:15;5;x;
11-Jul;09:55;QY3165;09:55;inn;8;Innland;2;x;09:55;09:55;5;x;
11-Jul;10:10;WF393;10:55;inn;20;22;41;x;10:10;11:10;5;x;
11-Jul;11:45;DY104;13:00;UT;20;23;178;x;12:43;13:46;2 og 5;x;
11-Jul;12:20;WF105;12:45;inn;9;Innland;33;X;12:30;12:53;5;x;
11-Jul;12:20;WF170;13:25;ut;14;9;26;x;13:29;13:46;9;x;
11-Jul;12:45;WF569;13:15;inn;24;NF;60;;13:05;13:30;7;x;
11-Jul;15:17;WF1891;15:45;INN;15;UTLAND;109;;15:40;16:07;5 OG 7;X;
11-Jul;15:39;WF111;16:05;INN;3;INNLAND;34;X;16:01;16:19;7;X;
11-Jul;16:20;WF1013;17:05;UT;13;23;21;;17:05;17:34;7;X;
11-Jul;16:20;WF114;17:25;UT;14;3;10;X;17:17;17:43;2;X;
11-Jul;16:09;LNFOC;ASAP;INN;GAF;PORT5;3;;16:14;16:24;4;X;
11-Jul;17:35;DY624;17:50;INN;23;INNLAND;156;;17:42;18:08;2,7 OG 5;X;
11-Jul;18:00;QY3165;18:08;UT;13;8;0;X;18:08;18:09;2;X;
11-Jul;17:14;PRIVAT;ASAP;INN;GA2;PORT5;3;;17:23;17:37;4;X;
11-Jul;18:03;PRIVAT;ASAP;INN;GA2;PORT5;;X;18:10;18:18;7;X;
11-Jul;18:30;PRIVAT;18:45;INN;GA2;PORT5;;X;18:50;18:56;4;X;
11-Jul;18:56;WF1312;19:35;INN;5;INNLAND;73;X;19:25;19:40;2 OG 7;X;WGH
11-Jul;20:00;SK2876;20:20;INN;19;UTLAND;88;;20:00;20.33;2 og 7;X;
11-Jul;20:30;WF399;21:20;INN;16;22;41;X;21:12;21:25;2;X;
11-Jul;23:00;DY638;23:25;INN;23;INNLAND;151;X;23:18;23:57;7;X;
12-Jul;05:00;WF1856;05:30;UT;45;6;97;x;05:27;06:12;7 og 5;x;
12-Jul;05:10;DY1420;06:15;UT;44;16;157;;06:15;07:07;7 og 5;x;
12-Jul;06:30;OYZCB;06:30;ut;Port 5;GA;2;x;06:58;07:10;5;x;
12-Jul;07:10;WF392;07:25;ut;24;17;44;x;07:18;08:10;7;x;Gaten ble bemannet  07:43
12-Jul;08:40;WF152;09:10;inn;9;Innland;19;x;09:00;09:21;5;x;
12-Jul;08:40;WF809;10:05;ut;14;9;36;x;09:50;10:21;5;x;
12-Jul;09:00;WF453;10:32;inn;41;NF;47;;09:20;09:46;5;X;
12-Jul;08:45;DEAKG;08:45;ut;Port 5;GA;2;x;08:45;08:45;4;x;
12-Jul;09:20;N194CP;09:20;ut;Port 5;GA;2;x;09:20;09:25;7;x;
12-Jul;10:00;WF153;10:45;ut;14;3;29;x;10:28;11:15;5;x;
12-Jul;10:00;WF454;10:45;ut;13;41;63;x;10:40;11:05;2;x;
12-Jul;10:00;WF527;10:25;ut;13;5;33;x;10:07;11:50;7;x;
12-Jul;10:20;WF393;11:02;inn;19;22;61;x;11:00;11:50;7;x;
12-Jul;11:20;DY1315;12:25;inn;20;22;175;x;12:12;12:42;2,5,7;x;
12-Jul;11:50;LNFOC;11:50;ut;Port 5;GAF;3;x;11:50;11:50;4;z;
12-Jul;13:15;WF1311;13:10;ut;14;5;74;x;13:00;13:42;5;x;
12-Jul;13:15;WF373;13:55;inn;26;22;98;x;13:43;14:16;2 og 5;x;
12-Jul;14:45;DY612;15:06;inn;29;Utland;185;;15:00;15:30;2 OG 5;x;
12-Jul;15:35;WF457;16:05;INN;9;INNLAND;53;X;15:51;16:30;5;X;
12-Jul;16:51;WF590;17:10;INN;5;INNLAND;62;X;17:00;17:29;5;X;
12-Jul;17:33;PRIVAT;17:40;INN;GA2;PORT5;;X;17:37;17:50;4;X;
12-Jul;18:10;PRIVAT;18:15;INN;GAF;PORT5;;X;18:13;18:30;4;X;
12-Jul;18:40;WF1891;19:15;INN;7;UTLAND;102;X;18:55;19:38;2 OG 5;X;
12-Jul;19:35;WF627;20:05;INN;41;INNLAND;67;X;19:42;20:32;2;X;
12-Jul;22:14;WF1417;22:40;INN;5;INNLAND;72;X;22:30;22:55;2;X;
13-Jul;23:57;WF1601;00:27;INN;6;UTLAND;76;X;01:06;01:15;2;;DY1273 landet først. Trapp på plass der først derfor valgte buss og starte der 
12-Jul;20:22;PRIVAT;ASAP;INN;GA2;PORT5;2;;20:30;20:34;4;X;
13-Jul;23:57;DY1273;00:25;INN;8;22;175;X;00:15;01:04;2;x;WGH kunne ikke taue…..Ta med 1 fra WGH på 14
13-Jul;09:00;WF1004;09:35;inn;3;Innland;x;x;09:30;09:48;5;x;
13-Jul;09:00;WF809;10:05;ut;14;3;36;x;10:00;10:25;5;x;
13-Jul;07:25;WF1303;ASAP;ut;17;41;79;x;07:35;07:45;5 og 7;x;Flybytte TD
13-Jul;07:55;PHMJB;07:50;ut;Port 5;GAF;2;x;07:50;07:50;5;x;
13-Jul;07:57;OYZCB;ASAP;UT;Port 5;GAF;2;;07:58;07:58;7;x;
13-Jul;08:05;WF405;ASAP;ut;15;5;26;x;08:10;08:15;5;x;
13-Jul;09:00;WF1364;09:55;ut;13;5;76;x;09:30;11:24;7;x;Flybytte X2
13-Jul;10:00;LED1;10:00;ut;Port 5;GA2;2;x;10:29;10:35;7;x;
13-Jul;11:20;DY1029;11:28;inn;18;Utland;175;x;10:28;11:45;5 og 7;x;
13-Jul;12:20;WF163;12:50;inn;3;Innland;20;;12:38;13:01;7;x;
13-Jul;12:20;WF170;13:00;ut;14;3;31;;13:15;13:30;5;x;
13-Jul;12:20;WF1869;13:00;inn;20;Utland;110;;12:55;13:16;5 og 7;x;
13-Jul;14:15;DE-IDY;ASAP;Inn;PORT5;GA;2;;14:20;14:25;4;x;
13-Jul;15:10;WF373;16:10;inn;20;22;101;x;16:00;16:40;5 og 7;x;
13-Jul;15:10;WF808;16:10;inn;3;Innland;35;x;16:00;16:30;2;x;
13-Jul;15:10;WF114;17:25;ut;14;3;19;x;16:00;17:44;2;x;
13-Jul;15:40;AGR1444;15:40;inn;1;Innland;26;;15:40;15:40;2;x;
13-Jul;19:00;WF115;19:20;INN;3;INNLAND;28;X;19:10;19:32;5;X;
13-Jul;19:32;WF116;20:10;UT;14;3;17;X;19:57;20:25;5;X;
13-Jul;18:49;privat;18:55;inn;ga2;port5;;x;19:00;19:10;4;X;
13-Jul;21:35;WF117;21:50;INN;3;INNLAND;5;X;21:45;22:12;2;X;
13-Jul;22:29;WF209;23:10;INN;20;UTLAND;50;X;23:00;23:27;2;X;
14-Jul;06:15;WF451;06:43;Inn;5;Innland;39;x;06:30;07:00;7;x;
14-Jul;06:15;QY3164;06:45;Inn;8;Utland;;x;06:50;07:18;5;x;
14-Jul;06:40;WF523;07:20;Ut;30;24;32;;07:10;07:36;7;x;
14-Jul;06:40;WF392;07:25;Ut;23;31;55;x;07:20;07:46;5;x;
14-Jul;06:45;WF602;07:30;Ut;14;9;79;x;07:20;07:57;2 og 7;x;
14-Jul;07:45;WF151;08:40;Ut;14;3;20;x;08:30;08:54;5;x;
14-Jul;09:00;WF290;10:20;Ut;44;5;75;x;10:10;11:10;2 og 7;x;
14-Jul;10:25;WF393;11:05;Inn;20;22;61;x;11:00;11:17;5;x;
14-Jul;12:00;N700UK;12:10;Ut;Port 5;GA2;2;;12:10;12:40;4;x;Via heliport for pass / tollkontroll
14-Jul;12:20;WF105;12:39;Inn;3;Innland;35;x;12:25;12:51;5;x;
14-Jul;12:20;WF455;12:50;Inn;41;NF;68;;12:48;13:05;2;x;
14-Jul;12:50;WF414;13:20;Inn;9;Innland;70;x;13:05;13:37;5 og 7;x;
14-Jul;12:55;WF170;13:20;Ut;13;3;38;x;13:05;13:47;2;x;
14-Jul;13:40;WF1011;14:30;Ut;14;9;63;x;14:08;14:56;5;x;
14-Jul;14:20;MMF45;14:45;Ut;44;1;200;;14:25;15:44;2,5 OG 7;x;
14-Jul;15:45;WF1891;16:00;INN;6;UTLAND;105;X;15:50;16:21;5 OG 7;X;
14-Jul;15:45;WF111;15:55;INN;3;INNLAND;25;X;15:48;16:07;7;X;
14-Jul;16:07;WF571;16:20;INN;23;INNLAND;56;;16:20;16:36;7;X;
14-Jul;16:21;WF114;17:25;UT;14;3;28;X;17:23;17:39;2;X;
14-Jul;16:43;KL1169;17:30;INN;27;UTLAND;8;;17:29;17:49;5;X;WCHR
14-Jul;17:30;QY3165;17:53;UT;14;8;0;X;17:53;17:58;2;X;
14-Jul;17:59;WF207;18:40;INN;5;UTLAND;63;X;18:00;18:58;2;X;
14-Jul;18:35;WF592;19:05;INN;9;INNLAND;61;X;18:59;19:16;2 OG 7;X;
14-Jul;18:51;WF115;19:05;INN;3;INNLAND;20;X;19:06;19:22;5;X;
14-Jul;19:17;WF427;19:45;UT;34;41;36;;19:39;20:06;7;X;
14-Jul;18:35;WF158;18:55;INN;43;NF;35;X;18:52;19:09;7;X;
14-Jul;19:17;WF159;20:00;UT;33;43;24;X;19:39;20:18;5;X;
14-Jul;20:35;WF399;21:05;INN;20;22;31;X;20:46;21:19;2;X;
14-Jul;21:40;WF577;22:05;INN;5;INNLAND;46;X;21:40;22:20;2;X;
15-Jul;06:00;OYZCB;06:00;Inn;PORT5;GA;2;;05:58;06:10;5;x;
15-Jul;06:20;WF150;16:55;inn;3;innland;16;x;06:40;07:00;7;x;
15-Jul;06:20;WF102;07:40;ut;13;3;11;x;07:00;07:46;7;x;
15-Jul;06:20;WF602;07:30;ut;13;9;67;x;07:00;08:00;5;x;
15-Jul;07:35;N82TE;07:40;ut;port5;GA2;2;x;07:44;07:50;4;x;
15-Jul;09:25;WF406;09:46;inn;23;NF;51;;09:31;09:59;7;x;
15-Jul;09:40;WF103;10:03;inn;3;innland;34;;09:59;10:16;7;x;
15-Jul;09:40;WF104;10:16;ut;14;3;15;;10:16;10:32;7;x;
15-Jul;10:15;WF393;11:05;inn;20;22;58;x;10:37;11:19;7;x;
15-Jul;10:15;WF603;11:05;inn;5;innland;65;x;10:50;11:20;2;x;
15-Jul;10:30;QY3164;10:30;inn;8;innland;2;x;10:30;10:30;7;x;
15-Jul;12:00;WF105;12:43;inn;3;innland;15;x;12:43;12:55;2;x;
15-Jul;12:00;WF170;13:25;ut;14;3;21;x;12:55;13:45;2;x;
15-Jul;12:00;WF163;12:49;inn;41;NF;40;;12:40;12:50;5;x;
15-Jul;12:00;WF106;12:40;ut;34;41;18;;12:30;13:34;5;x;
15-Jul;13:25;WF588;13:20;inn;9;innland;61;;13:20;13:26;2;x;
15-Jul;13:25;WF589;13:45;ut;14;9;78;;13:30;14:05;2 OG 5;x;
15-Jul;13:00;LH872;13:00;inn;26;Utland;5;;13:00;13:00;7;x;rullestoler
15-Jul;14:20;AF1252;14:20;inn;27;Utland;5;;14:20;14:53;2;x;rullestoler
15-Jul;14:30;FI334;14:30;inn;28;Utland;5;;14:30;15:05;7;x;
15-Jul;15:00;WF373;15:40;Inn;20;22;109;x;15:30;16:00;5 og 7;x;
15-Jul;15:35;WF571;16:15;Inn;9;Innland;61;x;16:00;16:30;5 og 7;x;
15-Jul;16:30;KL1169;17:10;Inn;27;Utland;12;;16:55;17:30;2;x;Rullestoler
15-Jul;17:16;WF539;ASAP;Ut;30;9;63;x;17:25;17:43;5;x;Maskinbytte klokken 17:16
15-Jul;17:55;QY3165;18:05;Ut;14;8;;x;18:00;18:08;2;x;
15-Jul;18:45;WF115;19:15;Inn;3;Innland;15;x;19:08;19:24;7;x;
15-Jul;18:55;WF540;19:30;Inn;9;Innland;53;x;19:20;19:46;5;x;
15-Jul;19:00;WF576;19:30;Ut;30;41;59;;19:23;19:51;2 og 7;x;
15-Jul;20:50;WF399;21:22;Inn;19;22;45;x;21:05;21:35;5;x;
15-Jul;21:20;WF577;21:55;Inn;5;Innland;32;x;21:40;22:11;2;x;
16-Jul;06:16;WF520;06:35;INN;24;INNLAND;56;;06:32;06:49;7;X;
16-Jul;06:17;WF405;07:10;UT;14;9;29;X;06:53;07:34;7;X;
16-Jul;07:51;WF151;08:45;UT;14;3;15;X;08:40;08:58;5 og 7;X;
16-Jul;07:25;WF502;ASAP;UT;15;5;59;X;07:34;07:50;5;X;FLYBYTTE
16-Jul;09:39;WF1302;10:10;INN;9;INNLAND;80;X;10:02;10:20;2 OG 7;X;
16-Jul;09:39;WF568;10:20;UT;14;9;54;X;10:20;10:46;2 OG 7;X;
16-Jul;10:25;WF393;11:20;INN;20;22;48;X;10:46;11:20;2;X;
16-Jul;11:11;PRIVAT;ASAP;UT;PORT5;GA;0;X;11:12;11:19;2;X;
16-Jul;12:23;WF105;12:40;INN;3;INNLAND;;;12:30;12:50;5;X;
16-Jul;12:51;WF455;13:00;INN;9;INNLAND;71;X;13:01;13:20;7;X;
16-Jul;12:51;WF414;13:15;INN;25;NF;63;;13:07;13:33;5;X;
16-Jul;12:52;WF170;13:20;UT;14;3;36;X;13:17;13:42;2;X;
16-Jul;13:25;WF532;13:36;INN;24;INNLAND;74;;13:26;13:56;7;X;
16-Jul;13:33;WF570;13:30;UT;13;5;56;;13:33;14:02;2 OG 5;X;
16-Jul;13:43;WF1011;14:30;UT;14;9;74;X;14:14;14:55;2;X;
16-Jul;15:30;N63PW;15:30;inn;GA2;Toll;2;x;15:30;15:30;4;x;
16-Jul;15:30;WF111;16:05;inn;3;Innland;16;x;16:05;16:16;7;x;
16-Jul;15:30;WF571;16:17;inn;5;Innland;49;x;16:15;16:27;2;x;
16-Jul;15:30;WF114;17:25;ut;14;3;26;x;17:10;17:43;5;x;
16-Jul;15:55;OYCZB;15:55;ut;GAF;port5;3;x;15:55;16:05;4;x;
16-Jul;16:25;WF1365;16:32;inn;41;NF;78;;16:25;16:53;5 og 7;x;
16-Jul;16:25;WF458;16:45;ut;33;41;79;;16:55;17:14;2 og 7;x;
16-Jul;18:20;QY3165;18:20;ut;14;8;2;x;18:20;18:20;2;x;
16-Jul;19:00;WF424;19:11;inn;24;Innland;67;x;19:00;19:28;2 og 7;x;
16-Jul;19:00;WF115;19:09;inn;3;Innland;29;x;19:00;19:19;7;x;
16-Jul;20:25;WF399;21:05;inn;5;22;39;x;21:00;21:29;5;x;
16-Jul;20:40;SK287;21:30;inn;31;Innland;6;;21:29;21:45;5;x;Assistanser
16-Jul;22:30;WF159;22:45;ut;14;4;16;x;22:30;23:05;2;x;
17-Jul;06:02;WF583;07:10;UT;14;5;33;X;07:00;07:38;7;X;
17-Jul;07:40;OYZCB;07:45;UT;port 5;GAF;-;X;07:45;07:50;4;X;
17-Jul;08:55;N63PW;09:00;INN ;port 5;GA2;-;X;09:04;09:10;4;X;
17-Jul;09:11;WF406;09:35;INN ;23;NF;67;;09:26;09:51;2;X;
17-Jul;09:00;WF563;09:40;INN ;25;NF;57;;09:40;09:51;5;X;
17-Jul;09:15;QY3164;09:50;INN;8;INNLAND;0;X;09:52;10:21;2;X;
17-Jul;09:53;WF104;10:10;UT;14;3;23;X;09:56;10:26;5;X;
17-Jul;10:28;WF393;11:05;INN;19;22;61;X;10:52;11:17;5;X;
17-Jul;10:25;PRIVAT;ASAP;INN;GA2;PORT5;0;X;10:28;10:35;2;X;
17-Jul;12:24;WF105;12:40;INN;3;INNLAND;;X;12:35;12:54;2;X;
17-Jul;12:36;WF170;13:25;UT;14;3;21;X;13:25;13:46;5;X;
17-Jul;12:55;KL1167;13:20;INN;28;UTLAND;6;;13:15;13:38;2;X;6 WCHR
17-Jul;13:38;LH872;14:05;INN;26;UTLAND;5;;14:01;14:15;2;X;5 WCHR
17-Jul;13:13;WF606;13:15;INN;5;13;65;;13:13;13:25;5;X;DIV
17-Jul;14:19;WF1011;14:45;UT;14;5;57;X;14:30;cnl;2;X;utsatt avgang 1 time TD - CNL
17-Jul;15:00;WF373;15:45;inn;20;22;112;x;15:40;16:06;2 og 5;x;
17-Jul;15:25;HBKLR;15:30;inn;GA2;port5;4;x;15:30;15:36;5;x;
17-Jul;16:00;WF539;17:00;ut;14;5;53;x;16:50;cnl;2;x;cnl
17-Jul;15:55;HBZCB;16:00;inn;GA2;port5;2;x;16:00;16:07;4;x;
17-Jul;16:05;KL1169;17:15;inn;27;utland;5;;17:10;17:22;5;x;
17-Jul;17:50;AF352;17:50;inn;26;utland;4;;18:00;18:10;7;x;
17-Jul;18:00;QY3165;18:00;ut;14;8;2;x;18:00;18:00;7;x;
17-Jul;18:10;WF611;18:45;inn;23;NF;74;;18:10;18:58;7;x;
17-Jul;18:10;WF158;18:47;inn;4;Innland;22;x;18:36;19:06;5;x;
17-Jul;20:40;WF615;21:20;inn;24;Innland;90;x;21:05;21:38;2 og 5;x;
17-Jul;21:15;WF399;22:05;inn;5;22;33;x;21:39;22:25;2;x;
18-Jul;06:35;WF402 ;06:45;Inn;26;NF;18;;06:45;07:00;7;x;
18-Jul;07:00;WF392;07:25;Ut;25;5;35;x;07:05;07:51;7;x;
18-Jul;;WF102;07:35;Ut;NF/14;4;11;X;07:25;07:50;5;x;
18-Jul;09:50;WF603;10:10;inn ;9;innland;66;x;10:10;10:27;2;x;
18-Jul;09:50;QY3164;10:30;inn ;8;innland;-;x;10:22;10:27;4;x;
18-Jul;09:45;DESDF;asap;ut;port 5;GA2;-;x;09:52;09:55;4;x;
18-Jul;10:14;WF393;10:55;inn ;20;22;38;x;10:48;11:05;2;x;
18-Jul;12:07;OYZCB;asap;ut;port 5;GAF;-;x;12:09;12:14;4;x;
18-Jul;12:35;DY1315;13:00;Inn;20;22;179;x;12:55;13:11;2&5;x;
18-Jul;;WF105;12:45;inn ;4;innland;6;x;12:46;12:55;7;x;
18-Jul;;WF1306;13:20;inn ;;;75;x;13:00;13:40;7;x;
18-Jul;12:55;WF170;13:20;Ut;14;4;24;x;13:40;13:50;5;x;Kaptein ønsker å bi hentet kl 13:30 på 14
18-Jul;;WF570;13:30;Ut;NF/13;9;29;x;13:28;13:51;2;x;
18-Jul;14:58;OYZCB;15:00;inn;GAF;port5;2;x;15:00;15:08;4;x;
18-Jul;15:45;SK4148;16:07;inn;28;NF;82;;16:01;16:26;7 og 2;x;
18-Jul;15:45;WF111;16:08;inn;36;innland;36;x;16:00;16:27;5;x;
18-Jul;15:45;WF114;17:25;ut;14;4;13;x;17:07;17:42;5;x;
18-Jul;17:35;DY624;18:11;inn;23;innland;163;;18:00;18:24;2,5og7;x;
18-Jul;18:00;QY3165;18:00;ut;14;8;2;x;18:00;18:00;5;x;
18-Jul;18:25;WF158;18:52;inn;4;innland;29;x;18:45;19:00;5;x;
18-Jul;18:30;WF592;19:08;inn;43;NF;62;X;19:04;19:25;2 og 7;x;
18-Jul;20:35;WF399;21:20;inn;17;22;39;x;20:15;21:46;5;x;
18-Jul;20:20;DEZMZ;20:30;inn;GA2;Politi;3;x;20:20;20:40;4;x;
18-Jul;20:55;SK291;21:26;inn;21;innland;78;x;21:20;21:49;2;x;
18-Jul;22:00;WF9234;22:30;inn;H9;innland;3;x;22:30;22:53;4;x;
18-Jul;23:20;SK2874;;inn;17;Utland;115;x;00:17;00:41;2;x;
19-Jul;05:00;SK4915;05:20;Ut;44;18;122;;05:22;05:45;7;x;Ble bare en buss
19-Jul;05:15;WF1856;05:30;Ut;25;8;81;x;05:27;06:12;5 og 7;x;b
19-Jul;06:22;WF520;06:45;inn;24;innland;41;;06:36;06:59;5;x;
19-Jul;07:45;Privat;07:55;ut;Port 5;GA;5;;07:51;07:59;4;x;
19-Jul;08:54;WF152;09:13;inn;4;innland;34;x;09:10;09:30;5;x;
19-Jul;09:11;WF8402;09:15;ut;23;5;;x;09:19;09:21;4;x;
19-Jul;09:23;WF153;10:05;ut;NF/13;4;38;x;10:13;10:32;2;x;
19-Jul;09:23;WF809;10:00;ut;NF/14;3;31;x;09:56;10:22;7;x;
19-Jul;09:23;WF1364;09:50;ut;34;43;78;;09:40;10:21;5;x;
19-Jul;10:33;WF393;11:13;inn;20;22;61;x;10:55;11:23;2;x;
19-Jul;11:25;DY1315;11:56;inn;19;22;185;x;11:45;12:13;2, 5 og 7;x;
19-Jul;10:28;Privat;10:35;inn;GA2;Port 5;2;;10:35;10:41;7;x;
19-Jul;11:54;SK4916;12:24;inn;16;utland;120;x;12:11;12:42;2 , 5 og 7;x;
19-Jul;12:32;WF163;12:53;inn;3;innland;27;x;12:40;13:08;5;x;
19-Jul;12:38;WF170;13:30;ut;13;3;32;x;13:21;13:43;5;x;crew ville henset 13:30 i stedet for 13:20
19-Jul;12:38;WF507;13:09;inn;5;innland;66;x;12:47;13:26;2;x;
19-Jul;13:09;WF456;13:50;ut;NF/14;5;42;x;13:40;14:13;2;x;
19-Jul;12:38;WF588;13:10;inn;41;innland;60;;13:00;13:29;7;x;Ut via 13/14, plukke med ansatt,
19-Jul;12:38;WF1311;13:30;ut;14;41;76;;13:29;13:45;7;x;
19-Jul;14:05;WF373;14:34;inn;28;22;107;x;14:24;14:53;5 og 7;x;
19-Jul;15:31;WF808;16:10;inn ;3;innland;38;;16:06;16:32;7;x;
19-Jul;16:01;WF625;16:35;inn ;5;innland;80;x;16:32;16:51;5 & 7;x;
19-Jul;15:47;WF1859;16:25;inn ;17;utland;74;x;16:01;16:42;2 & 5;x;
19-Jul;16:21;WF1365;16:55;inn ;41;nf;69;;16:47;17:07;5 & 7;x;
19-Jul;16:21;WF1013;17:10;ut;14;3;12;;17:01;17:32;2;x;
19-Jul;16:21;WF612;17:25;ut;nf/13;5;70;x;17:08;17:56;5 & 7;x;
19-Jul;17:20;OY9765;17:25;ut;port 5;GA2;-;x;17:27;17:35;4;x;
19-Jul;18:24;WF1317;19:15;ut;16;41;77;;19:09;19:41;7;x;
19-Jul;18:24;WF1415;18:55;inn ;5;innland;73;x;18:54;19:08;5 & 7;x;
19-Jul;19:10;WF1312;19:45;inn ;9;innland;64;x;19:36;19:55;2;x;
19-Jul;18:57;WF1891;19:25;inn ;6;utland;110;x;19:22;19:55;5 & 7;x;
19-Jul;19:10;WF207;19:46;inn ;43;utland;74;x;19:45;20:01;5;x;
19-Jul;22:27;WF8418;22:50;inn ;41;utland;-;x;22:49;23:14;4;x;
20-Jul;22:27;WF1601;00:35;inn ;7;utland;100;x;00:33;01:09;2;x;
20-Jul;06:17;WF1868;07:00;ut;NF/30;7;109;x;06:44;07:31;2 og 7;x;
20-Jul;06:17;WF405;07:10;ut;34;41;7;;07:24;07:53;7;x;07:30: beskjed fra buss om at det er teknisk. 07:50: Boarding.
20-Jul;09:06;WF1004;09:21;inn;3;innland;17;x;09:18;09:36;2;x;
20-Jul;09:36;WF587;10:20;ut;NF/14;5;51;x;10:10;10:41;2;x;
20-Jul;09:36;WF411;10:25;ut;NF/13;9;49;x;10:20;10:53;9;x;
20-Jul;10:06;WF372;10:40;ut;24;6;108;x;10:39;11:27;7 og 2;x;WGH ønsket ikke å taue, ville heller ha buss. CTOT: 11:44 lokal.
20-Jul;10:31;WF624;ASAP;ut;19;43;75;x;10:34;11:03;7 og 2;x;Flybytte førte til bussing.
20-Jul;11:17;Privat;11:30;ut;Port 5;GA2;3;;11:23;11:29;7;x;
20-Jul;12:30;Privat;12:40;inn;GAF;Port 5;2;;12:40;12:48;4;x;
20-Jul;12:50;WF163;13:07;inn;4;innland;37;x;13:03;13:26;5;x;
20-Jul;12:50;WF170;13:20;ut;NF/14;4;28;x;13:26;13:41;5;x;
20-Jul;16:08;WF373;16:46;inn;15;22;104;x;16:41;17:05;2 og 7;x;
20-Jul;15:00;WF1859;15:05;inn;20;utland;73;x;15:07;15:21;5 og 7;x;
20-Jul;15:57;WF808;16:09;inn;4;innland;37;x;16:01;16:22;2;x;
20-Jul;16:41;WF114;17:20;ut;NF/14;4;20;x;17:06;17:47;7;x;
20-Jul;18:30;WF459;19:05;inn ;24;30;75;;18:47;19:18;5 & 7;x;
20-Jul;18:57;WF115;19:15;inn ;4;innland;20;x;18:58;19:29;2;x;
20-Jul;19:01;WF399;19:30;inn ;31;22;48;x;19:18;19:45;5;x;
20-Jul;19:29;WF158;19:50;inn ;43;nf;38;x;19:35;20:00;2;x;
20-Jul;19:20;WF159;20:45;ut;nf/14;3;13;x;19:49;20:55;2;x;
20-Jul;19:20;WF116;20:05;ut;nf/13;4;28;x;19:51;20:21;5;x;
20-Jul;21:35;N82TE;21:50;inn ;GA2;port 5;-;x;21:50;22:04;4;x;
20-Jul;21:19;WF117;21:40;inn ;3;innland;5;x;21:24;21:40;2;x;
20-Jul;21:35;WF577;22:10;inn ;9;innland;45;x;22:01;22:31;2;x;
20-Jul;22:31;WF209;23:20;inn ;17;utland;63;x;23:06;23:42;2;x;
21-Jul;06:35;QY3164;07:15;Inn;8;Utland;;x;07:05;07:09;5;x;
21-Jul;06:40;WF392;07:25;Ut;24;19;79;x;07:05;07:53;7 og 5;x;
21-Jul;06:50;WF150;07:10;Inn;4;Innland;24;x;07:08;07:23;2;x;
21-Jul;07:05;WF102;07:35;Ut;14;3;20;x;07:34;07:52;2;x;
21-Jul;07:25;WF151;08:05;Ut;13;4;20;x;07:55;08:18;5;x;
21-Jul;09:20;KL1163;10:10;Inn;24;Utland;2;;09:55;10:20;8;x;Assistanser
21-Jul;10:20;AF1252;11:05;Inn;26;Utland;5;;10:50;12:18;8;x;Assistanser
21-Jul;10:40;WF393;11:10;Inn;19;22;71;x;11:07;11:25;5 og 7;x;
21-Jul;11:45;LH875;12:20;Inn;27;Utland;10;;12:10;12:43;5;x;Assistanser
21-Jul;12:30;WF455;13:00;Inn;41;NF;64;;12:46;13:15;5;x;
21-Jul;12:40;WF569;13:10;Inn;5;Innland;66;x;12:58;13:27;8 og 5;x;
21-Jul;12:45;KL1167;13:30;Inn;29;Utland;6;;13:27;13:45;5;x;Assistanser
21-Jul;13:30;WF1011;14:35;Ut;34;41;20;;13:40;14:50;8;x;
21-Jul;13:55;FI334;14:40;Inn;28;Utland;;;14:30;;7;x;Assistanser
21-Jul;14:30;Privat;14:30;inn;Port 5;GA;1;;14:30;14:35;4;x;
21-Jul;14:30;Privat;14:35;ut;GA;Port 5;1;;14:35;14:40;4;x;
21-Jul;15:54;WF1891;15:55;inn;6;utland;;;15:53;16:10;5+7;x;
21-Jul;16:10;WF590;16:20;inn;41;NF;56;;16:15;16:27;7;x;
21-Jul;16:10;WF421;16:35;ut;34;9;;;16:27;17:00;5+7;x;
21-Jul;16:10;WF1365;16:30;inn;23;innland;80;;16:10;16:50;5+8;x;
21-Jul;18:15;KL1169;18:50;inn;27;utland;;;18:44;18:55;5;x;Assistanse
21-Jul;18:45;WF459;19:00;inn;9;innland;75;;18:50;19:33;5+8;x;
21-Jul;18:50;WF158;19:15;inn;3;innland;33;;19:11;19:30;9;x;
21-Jul;18:50;WF576;19:25;ut;34;41;76;;19:20;19:48;5+8;x;
21-Jul;20:45;WF399;21:25;inn;6;22;49;;21:20;21:40;8;x;
21-Jul;22:25;WF1316;22:55;inn;41;innland;75;;22:42;23:15;8;x;
22-Jul;05:00;SK2861;05:15;Ut;45;19;118;;05:10;05:46;9;x;
22-Jul;06:35;WF150;07:00;Inn;3;Innland;28;x;06:53;07:15;5;x;
22-Jul;07:15;WF151;08:05;Ut;34;43;18;x;07:25;08:18;5;x;
22-Jul;09:15;WF406;09:35;Inn;24;NF;51;;09:36;09:50;8;x;
22-Jul;09:30;QY3164;10:10;Inn;8;Innland;;x;09:53;10:08;8;x;
22-Jul;09:50;WF568;10:20;Ut;14;9;60;x;10:13;10:46;8;x;
22-Jul;10:25;WF104;ASAP;Ut;13;3;18;x;10:27;10:38;9;x;Maskinbytte klokken 10:25
22-Jul;10:30;WF393;11:00;Inn;19;22;78;x;10:48;11:12;8 og 9;x;
22-Jul;10:40;AF1252;11:15;Inn;26;Utland;8;;11:02;11:28;5;x;Assistanser
22-Jul;12:10;LH872;12:50;Inn;26;Utland;3;;12:50;13:05;9;x;Assistanser
22-Jul;12:25;WF105;12:50;Inn;3;Innland;22;x;12:44;13:00;8;x;
22-Jul;13:00;WF163;13:30;Inn;9;Innland;38;;13:15;13:42;5;x;
22-Jul;13:00;WF170;13:20;Ut;14;4;39;x;13:00;13:48;8;x;
22-Jul;13:00;WF106;13:45;Ut;13;9;36;;13:42;13:50;5;x;
22-Jul;14:00;WF1011;14:30;Ut;14;5;;;14:25;14:57;8;x;
22-Jul;14:15;LED4;14:25;Inn;GA2;Port 5;;x;14:22;14:32;4;x;
22-Jul;14:57;WF373;15:30;inn;15;22;105;x;15:24;15:55;5 og 9;x;
22-Jul;15:51;WF111;16:05;inn;4;innland;23;x;15:50;16:12;9;x;
22-Jul;16:13;WF114;17:15;ut;NF/14;4;24;x;17:03;17:43;5;x;
22-Jul;16:28;Privat;16:40;inn;GA2;Port 5;4;;16:40;16:48;4;x;DHIHK, kom uten FPL fra ENSG
22-Jul;17:43;QY3165;18:20;ut;13;8;;x;17:45;18:09;5;x;
22-Jul;18:38;WF540;19:01;inn;9;innland;73;x;18:56;19:17;9;x;
22-Jul;18:39;WF115;19:08;inn;4;innland;19;x;19:05;19:21;5;x;
22-Jul;18:37;WF424;19:05;inn;5;innland;46;x;18:58;19:19;8;x;
22-Jul;18:37;WF460;19:20;ut;34;41;64;;19:17;20:04;9 og 8;x;
22-Jul;20:44;WF399;21:18;inn;20;22;61;x;21:10;21:25;5;x;
22-Jul;21:38;WF577;22:16;inn;41;NF;48;;22:09;22:24;8;x;
22-Jul;21:38;WF549;22:55;ut;34;43;47;;22:24;23:14;8;x;
23-Jul;05:20;DY601;06:05;ut;14;24;62;;05:58;06:17;7;x;
23-Jul;07:43;WF151;08:05;ut;nf/14;3;15;x;08:00;08:22;5;x;
23-Jul;09:20;LNTTA;asap;ut;port 5;GA2;-;x;09:24;09:28;4;x;
23-Jul;09:17;WF503;09:45;inn ;43;30;73;x;09:41;10:02;7 & 8;x;
23-Jul;09:17;QY3164;10:05;inn ;8;innland;-;x;10:01;10:06;7;x;
23-Jul;10:09;WF454;10:40;ut;nf/14;5;78;x;10:35;11:04;7 & 8;x;
23-Jul;10:44;WF393;11:10;inn ;31;22;76;x;10:59;11:21;7 & 8;x;
23-Jul;10:52;CGKSV;asap;ut/inn;port 5;GAF;-;x;10:53;11:06;5;x;
23-Jul;12:07;LH872;12:30;inn ;24;utland;6;;12:38;12:50;7;x;6 assistanse inn
23-Jul;12:23;WF105;12:40;inn ;3;innland;24;x;12:38;12:56;8;x;
23-Jul;12:23;WF588;12:50;inn ;5;innland;53;x;12:42;13:10;5;x;
23-Jul;12:23;WF1311;13:05;ut;34;43;79;x;12:53;13:33;7 & 8;x;
23-Jul;13:00;WF170;13:10;ut;nf/14;3;39;x;13:10;13:51;5;x;
23-Jul;13:04;WF532;13:20;inn ;41;innland;69;;13:22;13:39;8;x;
23-Jul;13:10;DEIHK;asap;ut;port 5;GA2;-;x;13:33;13:47;7;x;
23-Jul;13:10;GCLEA/GSNUZ;asap;inn ;GA2;port 5;;;13:45;14:25;8;x;via PASS
23-Jul;14:24;WF206;15:15;ut;E30;41;73;;15:16;15:45;5 og 7;x;
23-Jul;15:46;WF111;16:10;inn;3;innland;30;x;15:59;16:21;5 og 7;x;
23-Jul;16:45;WF114;17:20;ut;14;3;31;x;16:59;17:39;8;x;
23-Jul;15:47;WF1869;16:29;inn;6;utland;113;x;16:20;17:03;7 og 5;x;Kapteinen hadde glemt mobilen i flyet. Tok derfor litt ekstra tid.
23-Jul;16:09;WF536;16:27;inn;43;NF;72;;16:19;16:43;8;x;
23-Jul;16:55;QY3165;18:20;ut;13;8;;x;17:50;17:56;8;x;
23-Jul;19:01;WF115;19:29;inn;3;innland;32;x;19:31;19:39;5;x;
23-Jul;18:55;WF593;19:25;ut;NF/13;5;65;x;19:20;20:14;8;x;
23-Jul;18:55;WF460;19:20;ut;23 og 14;9;67;x;19:16;20:03;7 og 5;x;
23-Jul;18:55;WF424;19:19;inn;23;innland;61;;19:11;19:29;5;x;
23-Jul;19:38;Privat;19:57;inn;GA2;Port 5;5;;19:57;20:03;7;x;
23-Jul;20:50;WF399;21:32;inn;5;22;40;x;12:18;21:48;5;x;Via gate 14
23-Jul;22:08;WF1316;22:47;inn;9;innland;67;x;22:41;22:59;7;x;Via gate 14
24-Jul;06:12;WF523;07:15;ut;34;43;18;x;07:09;07:30;7;x;
24-Jul;06:54;WF150;07:15;inn ;4;innland;23;x;06:55;07:23;5;x;
24-Jul;06:12;WF102;07:35;ut;nf/14;3;9;x;07:24;07:49;5;x;
24-Jul;08:15;GCLEA/GSNUZ;asap;ut;port 5;GA2;-;x;08:19;08:40;4;x;5 stk
24-Jul;09:23;WF406;09:40;inn ;23;30;47;;09:27;09:58;5;x;
24-Jul;10:03;WF568;10:20;ut;nf/14;9;62;x;10:06;10:43;7 & 8;x;
24-Jul;09:15;QY3164;10:15;inn ;8;innland;-;x;10:00;10:09;5;x;
24-Jul;10:42;WF393;11:10;inn ;19;22;70;x;10:56;11:26;5+8;x;
24-Jul;12:30;WF105;12:45;inn ;3;innland;24;x;12:30;12:58;5;x;
24-Jul;12:30;WF163;12:55;inn ;41;nf;33;;12:42;13:08;7;x;
24-Jul;12:30;WF106;13:10;ut;34;41;14;;13:09;13:32;7;x;
24-Jul;12:30;WF170;13:20;ut;nf/14;3;24;x;13:01;13:35;5;x;
24-Jul;13:17;WF283;13:50;inn ;9;30;77;x;13:30;14:14;5 & 8;x;
24-Jul;13:17;WF1011;14:30;ut;nf/14;9;41;x;14:25;14:52;5;x;
24-Jul;15:48;WF590;16:20;inn;23;Innland;52;;16:15;16:35;7;X;
24-Jul;17:30;QY3165;18:00;UT;14;8;0;X;17:50;18:02;2;x;
24-Jul;18:44;WF115;19:05;INN;3;INNLAND;16;X;18:58;19:18;8;X;
24-Jul;20:00;DY643;ASAP;INN;6;INNLAND;189;X;20:08;20:25;5,7 og 8;X;Flyet returnerte pga feil med hjulene.
25-Jul;06:15;WF523;07:20;ut;14;9;19;x;06:45;07:30;5;x;
25-Jul;09:30;WF103;09:55;inn;3;innland;16;;09:40;10:25;5;x;
25-Jul;09:30;WF104;10:25;ut;14;3;24;;10:25;10:40;5;x;
25-Jul;09:10;N82TE;09:10;ut;port 5;GA2;1;x;09:15;09:45;4;x;
25-Jul;10:25;WF393;11:02;inn;19;22;61;x;10:44;11:19;5;x;
25-Jul;11:30;DY1317;12:35;inn;20;22;187;x;12:25;12:58;5,7,8;x;
25-Jul;12:25;WF455;12:55;inn;24;NF;65;x;12:58;13:15;8;x;
25-Jul;12:25;WF163;12:55;inn;3;innland;28;x;12:58;13:10;5;x;
25-Jul;12:25;WF106;13:15;ut;14;4;9;x;12:58;13:27;9;x;
25-Jul;12:30;Privat;12:30;inn;port 5;Ga;2;x;12:30;12:30;8;x;
25-Jul;12:35;Privat;12:35;ut;Ga;Port 5;2;x;12:35;12:35;8;x;
25-Jul;15:58;SK4184;16:05;INN;23;INNLAND;61;;16:00;16:23;7;X;
25-Jul;17:44;DY624;18:20;INN;23;NF;157;X;18:15;18:41;5,7 og 8;X;
25-Jul;18:30;QY3165;18:40;UT;14;8;0;X;18:18;18:41;5;X;
25-Jul;18:49;WF515;19:10;INN;9;INNLAND;70;X;19:00;19:33;7 OG 8;X;
25-Jul;18:49;WF115;19:10;INN;4;INNLAND;6;X;19:00;19:24;5;X;
25-Jul;20:45;WF399;21:10;INN;7;22;41;X;21:06;21:28;5;X;
25-Jul;23:00;DY1319;23:30;INN;18;22;183;X;23:21;00:15;7;X;
26-Jul;00:00;SK2874;00:20;INN;20;UTLAND;112;X;00:15;00:29;8;x;
26-Jul;05:00;SK4915;05:15;ut;45;20;59;x;05:15;05:51;7;x;
26-Jul;05:35;WF1856;05:45;ut;44;17;29;x;05:45;06:08;5;x;
26-Jul;06:40;DY8921;06:40;ut;33;6;2;x;06:40;06:40;7;x;
26-Jul;06:40;WF520;06:55;inn;24;innland;23;;06:45;07:00;5;x;
26-Jul;08:45;WF1406;09:20;ut;14;9;78;x;09:10;09:46;5+7;x;
26-Jul;08:45;WF153;10:10;ut;13;4;25;x;09:46;10:00;7;x;
26-Jul;08:45;WF624;10:30;ut;14;5;68;x;10:20;11:00;5;x;
26-Jul;10:30;WF1858;ASAP;ut;30;19;65;;10:30;11:04;7;x;
26-Jul;10:30;WF393;11:00;inn;18;22;50;x;10:50;11:15;8;x;
26-Jul;10:40;DY1315;11:28;inn;19;22;185;x;11:16;12:00;5,7,8;x;
26-Jul;12:40;WF163;13:20;inn;4;innland;34;;12:55;13:15;8;x;
26-Jul;12:40;WF170;13:40;ut;14;4;29;x;13:40;13:55;8;x;
26-Jul;13:45;WF373;13:50;inn;28;22;77;x;13:50;14:15;7;x;
26-Jul;15:55;WF418;16:26;inn;5;Innland;67;x;16:20;16:48;7 og 5;x;
26-Jul;16:00;WF1365;16:45;inn;43;NF;77;x;16:42;17:10;7 og 5;x;
26-Jul;16:00;WF628;17:30;Ut;14;9;63;x;17:03;18:01;5;x;
26-Jul;18:35;DEIDY;18:50;Inn;GA2;Port 5;;x;18:50;19:00;4;x;
26-Jul;18:45;WF1312;19:20;Inn;9;Innland;79;x;19:12;19:34;7 og 8;x;
26-Jul;19:30;WF1891;20:10;Inn;5;Utland;77;x;20:00;20:26;5 og 8;x;
26-Jul;21:55;WF1417;22:30;Inn;41;Innland;65;;22:10;22:50;8;x;
27-Jul;06:30;WF1868;06:50;ut;44;17;90;x;06:48;07:27;5 og 7;x;
27-Jul;09:20;WF1004;09:30;inn;4;innland;32;x;09:20;09:43;7;x;
27-Jul;09:40;WF411;10:30;ut;14;5;53;x;10:24;10:50;7;x;
27-Jul;09:40;WF529;11:25;ut;14;9;49;x;11:25;11:15;7;x;
27-Jul;09:40;WF606;11:45;ut;34;43;65;x;11:29;12:00;2;x;
27-Jul;10:55;WF624;10:55;ut;15;41;70;x;10:56;11:24;7+2;x;TD Flybytte
27-Jul;12:40;WF163;13:08;inn;3;innland;36;;13:00;13:23;2;x;
27-Jul;12:40;WF170;13:25;Ut;14;3;29;;13:22;13:42;2;x;
27-Jul;13:20;WF1869;13:44;inn;31;Utland;110;;13:43;14:04;2 og 8;x;
27-Jul;15:30;Helitrans;15:40;Inn;GA;Port 5;6;;15:35;15:48;4;x;
27-Jul;15:45;WF457;16:05;Inn;9;Innland;74;x;16:00;16:25;8 og 9;x;
27-Jul;15:45;WF808;16:20;Inn;3;Innland;37;x;16:18;16:33;8;x;
27-Jul;16:25;WF421;16:35;Ut;14;9;56;x;16:27;17:08;9;x;Maskinbytte klokken 16:25
27-Jul;16:25;WF612;16:55;Ut;13;23;110;;16:35;17:27;8 og 7;x;
27-Jul;17:00;WF114;17:20;Ut;14;3;15;x;17:10;17:45;9;x;
27-Jul;18:30;WF592;19:00;Inn;27;NF;74;;18:55;19:10;7 og 8;x;
27-Jul;18:50;WF115;19:10;Inn;3;Innland;27;x;19:05;19:22;9;x;
27-Jul;19:25;WF159;20:00;Ut;14;4;20;x;19:50;20:11;9;x;
27-Jul;22:20;WF283;22:55;Inn;15;Utland;62;x;22:52;23:13;7;x;
27-Jul;22:40;WF209;23:20;Inn;16;Utland;67;x;23:10;23:32;5 og 7;x;
28-Jul;07:00;WF583;07:15;ut;14;9;30;x;07:00;07:33;7;x;
28-Jul;07:15;QY3164;07:15;inn;8;utland;2;x;07:15;07:20;7;x;
28-Jul;10:18;WF393;10:53;inn;20;22;63;X;;;;x;
28-Jul;15:30;WF1891;16:05;Inn;20;Utland;111;;16:00;16:30;5&7;x;
28-Jul;;WF571;16:10;Inn;23;NF;66;;16:06;16:30;2;x;
28-Jul;18:40;WF115;19:05;Inn;3;Innland;22;x;18:55;19:10;2;x;
28-Jul;;WF159;20:00;Ut;NF/14;3;23;x;19:45;20:25;2;x;
28-Jul;19:55;WF158;20:25;Inn;4;Innland;33;x;20:25;20:35;8;x;
28-Jul;20:35;WF399;21:25;Inn;15;22;56;x;20:39;21:40;8;x;
29-Jul;06:15;WF402;06:45;Inn;23;30;62;;06:37;06:55;7;x;
29-Jul;06:40;WF502;07:10;Ut;14;9;50;x;07:03;07:32;8;x;
29-Jul;06:45;WF102;07:35;Ut;13;4;15;x;07:20;07:51;2;x;
29-Jul;09:10;QY3164;09:50;Inn;8;Innland;;x;09:50;10:06;2;x;
29-Jul;09:10;WF563;09:45;Inn;5;Innland;56;x;09:36;10:03;7;x;
29-Jul;09:10;WF7446;09:35;Ut;28;41;46;;09:20;09:49;2;x;Maskinbytte klokken 09:10 - Brann til Salzburg
29-Jul;09:20;WF406;09:50;Inn;23;NF;69;;09:45;10:04;8 og 2;x;
29-Jul;10:00;GAF973;10:05;Ut;14;1;;x;10:05;10:10;8;x;
29-Jul;10:15;WF393;10:55;Inn;19;22;70;x;10:50;11:15;2,7 og 8;x;
29-Jul;10:10;DEIDY;11:15;Ut;Port 5;GA2;;x;11:13;11:19;7;x;
29-Jul;12:20;WF105;12:40;Inn;4;Innland;;x;12:35;12:55;7;x;
29-Jul;12:35;N380CA;12:45;Inn;GA2;Port 5;;x;12:41;12:57;4;x;
29-Jul;12:45;WF170;13:25;Ut;14;4;27;x;13:18;13:47;2;x;
29-Jul;14:50;WF373;15:25;inn;15;22;107;x;15:17;15:51;7 & 8;x;
29-Jul;15:50;WF571;16:30;inn;23;Innland;73;;16:07;16:50;7 & 8;x;
29-Jul;16:50;WF539;17:15;ut;30;23;53;;17:05;17:32;8;x;
29-Jul;17:05;WF398;17:45;ut;23;41;45;x;17:32;18:09;8;x;
29-Jul;18:10;WF207;18:45;inn;5;utland;76;x;18:36;19:02;2 og 7;x;
29-Jul;18:00;QY3165;18:00;ut;14;8;2;x;18:30;18:30;8;x;
29-Jul;18:55;WF158;19:25;inn;4;Innland;31;x;19:20;19:35;7;x;
29-Jul;19:30;WF115;19:55;inn;3;Innland;21;x;19:32;20:07;2;x;
29-Jul;18:30;WF398;18:30;ut;41;23;45;x;18:30;19:33;8;x;Flybytte - pax blir busset fra fly til fly
29-Jul;19:05;WF159;20:05;ut;30;43;17;x;20:04;20:21;8;x;
29-Jul;21:30;WF577;22:13;inn;41;Innland;50;x;22:00;22:28;8;x;
30-Jul;06:35;WF392;07:25;Ut;24;41;30;x;07:13;07:50;7;x;
30-Jul;06:35;WF102;07:35;Ut;14;3;10;x;07:30;07:53;8;x;
30-Jul;08:35;SK255;09:10;Inn;17;28;;x;09:05;09:19;4;x;
30-Jul;09:15;QY3164;10:00;Inn;8;Innland;;x;09:55;10:01;7;x;
30-Jul;09:15;WF454;10:40;Ut;34;43;50;x;10:25;11:08;7;x;
30-Jul;10:25;WF393;11:01;Inn;19;22;62;x;10:55;11:16;7 og 8;x;
30-Jul;10:35;N559SR;10:45;Ut;Port 5;GA2;;x;10:41;10:47;4;x;Dep til EDLV -Tollere informert, buss kan kjøre rett til maskin. 
30-Jul;12:20;WF105;12:43;Inn;3;Innland;29;x;12:35;12:58;7;x;
30-Jul;12:20;WF106;13:10;Ut;14;3;18;;13:05;13:27;7;x;
30-Jul;12:40;WF414;13:10;Inn;23;NF;64;;13:04;13:18;2;x;
30-Jul;12:50;WF1306;13:25;Inn;9;Innland;74;x;13:16;13:43;8 og 2;x;
30-Jul;14:25;WF570;ASAP;Ut;19;5;69;x;14:21;15:02;4 & 7;x;Maskinbytte, teknisk.
30-Jul;15:47;WF111;16:05;inn ;3;innland;19;x;15:55;16:11;7;x;
30-Jul;15:47;WF590;16:15;inn ;43;innland;57;x;15:59;16:32;8;x;
30-Jul;15:47;WF421;16:35;ut;nf/14;9;55;x;16:12;;7;x;
30-Jul;16:08;WF1869;16:30;inn ;6;utland;109;x;16:26;16:51;2 & 8;x;
30-Jul;16:38;WF571;17:10;inn ;5;innland;56;x;16:51;17:25;8;x;
30-Jul;16:38;WF114;17:20;ut;nf/14;3;27;x;16:57;17:37;2;x;
30-Jul;16:55;QY3165;18:00;ut;14;8;-;x;18:00;18:10;8;x;
30-Jul;17:55;WF115;19:05;inn ;3;innland;9;x;18:47;19:13;8;x;
30-Jul;17:55;WF158;19:10;inn ;9;innland;17;x;19:14;19:27;8;x;
30-Jul;19:14;WF159;20:00;ut;nf/14;4;27;x;19:39;20:23;8;x;
30-Jul;20:37;WF399;21:10;inn ;18;22;34;x;21:00;21:23;2;x;
30-Jul;21:24;WF577;22:00;inn ;23;innland;45;x;21:27;22:18;2;x;
30-Jul;22:00;FBPCE;22:15;inn ;GA2;port 5;3;x;22:13;22:23;4;x;
30-Jul;23:19;LNTWB;23:25;inn ;GA3;port 5;-;x;23:24;23:33;4;x;
31-Jul;23:39;SK2874;00:35;inn ;18;utland;113;x;00:26;01:05;2;x;
31-Jul;06:35;WF150;07:00;Inn;3;Innland;5;x;06:50;07:19;7;x;
31-Jul;06:40;WF562;07:10;Ut;14;5;38;x;07:00;07:27;8;x;
31-Jul;07:00;WF151;08:05;Ut;14;9;10;x;07:53;08:20;2;x;
31-Jul;09:05;QY3164;10:00;Inn;8;Innland;;x;09:50;09:55;5;x;
31-Jul;09:10;N380CA;09:15;Ut;Port 5;GA2;;x;09:16;09:22;4;x;
31-Jul;09:15;WF406;09:45;Inn;23;NF;71;;09:35;10:05;7;x;
31-Jul;09:15;WF503;09:40;Inn;25;NF;72;x;09:32;09:58;8;x;
31-Jul;10:30;WF393;11:00;Inn;19;22;55;x;10:50;11:19;2;x;
31-Jul;12:20;WF105;12:45;Inn;4;Innland;36;x;12:37;12:56;7;x;
31-Jul;12:35;WF170;13:25;Ut;14;4;30;x;13:20;13:45;7;x;
31-Jul;13:05;WF532;13:30;Inn;9;Innland;69;x;13:25;13:47;8;x;
31-Jul;13:05;WF570;13:30;Ut;34;43;60;;13:24;13:57;2;x;
31-Jul;13:35;WF283;14:00;Inn;19;Utland;79;x;13:55;14:13;8 og 2;x;
31-Jul;14:45;FBPCE;15:00;ut;port 5;GA2;;x;14:55;15:03;4;x;
31-Jul;15:40;WF111;16:00;inn ;4;innland;37;x;15:59;16:13;8;x;
31-Jul;15:30;WF373;15:45;inn ;18;22;108;x;15:42;16:02;7 & 8;x;
31-Jul;15:30;WF571;16:05;inn ;23;30;56;;16:03;16:33;7;x;
31-Jul;16:04;WF114;17:20;ut;nf/14;4;19;x;16:45;17:33;7;x;
31-Jul;17:24;QY3165;17:45;ut;14;8;-;x;17:34;18:06;7;x;
31-Jul;18:18;WF207;18:55;inn ;5;utland;57;x;18:52;19:16;8;x;
31-Jul;18:32;WF424;19:10;inn ;41;innland;63;;19:01;19:24;2;x;
31-Jul;18:32;WF460;19:20;ut;nf/14;9;74;x;19:12;19:47;2 & 8;x;
31-Jul;20:00;WF593;asap;ut;31/30;ut;71;x;20:01;20:24;2;x;flybytte like før avg.
31-Jul;21:13;WF615;21:45;inn ;6;innland;102;x;21:42;;2 & 8;x;
;;;;;;;;;;;;;
;;;;;;;;;;;;;
;;;;;;;;;;;;;
;;;;;;;;;;;;;
;;;;;;;;;;;;;
;;;;;;;;;;;;;
;;;;;;;;;;;;;
;;;;;;;;;;;;;
;;;;;;;;;;;;;
;;;;;;;;;;;;;
;;;;;;;;;;;;;
;;;;;;;;;;;;;
;;;;;;;;;;;;;
;;;;;;;;;;;;;
;;;;;;;;;;;;;
;;;;;;;;;;;;;
;;;;;;;;;;;;;
;;;;;;;;;;;;;
;;;;;;;;;;;;;
;;;;;;;;;;;;;
;;;;;;;;;;;;;
;;;;;;;;;;;;;
;;;;;;;;;;;;;
;;;;;;;;;;;;;
;;;;;;;;;;;;;
;;;;;;;;;;;;;
;;;;;;;;;;;;;
;;;;;;;;;;;;;
;;;;;;;;;;;;;
;;;;;;;;;;;;;